MaSV,HoTen,Lop,DiemQT,DiemThi,DiemTK,XepLoai
SV001,Nguyen Van A,CTK42,7.5,8.0,7.8,B
SV002,Tran Thi B,CTK42,7.333333333333333,7.0,7.133333333333334,B
SV003,ChuaCapNhat,CTK43,6.0,8.0,7.2,B
SV004,Le Van C,CTK43,8.5,9.0,8.8,A
SV005,Pham Thi D,CTK44,7.333333333333333,8.0,7.733333333333333,B
