MaBN,Tuoi,CanNang,ChieuCao,HuyetAp,NhomMau,BMI
BN01,25,60.0,170.0,120/80,A,20.761245674740486
BN02,0,55.0,165.0,110/70,O,20.202020202020204
BN03,105,70.0,172.5,130/85,B,23.52446964923335
BN04,30,65.0,175.0,120/80,AB,21.224489795918366
BN05,45,80.0,180.0,140/90,O,24.691358024691358
